Griff,Haugeh
Nikolas,Turnbull
Danila,Cowell
Allistir,Losselyong
Fiona,Dronsfield
Tiffani,Meale
Robina,Ballsdon
Shanan,Simondson
Rona,Firman
Pauly,Loisi
Oralla,Shouler
Trevar,Ginnell
Tarrah,Whithorn
Annecorinne,Dryburgh
Lindsy,Folkes
Jillayne,Bloore
Corabella,McClary
Peggi,Coakley
Muire,Freak
Yettie,Picot
Ondrea,Rait
Bea,Benton
Francis,Sperski
Herculie,Gargett
Odessa,Craddy
Jennilee,Lambrechts
Alfonso,Wilber
Ulrika,Horbart
Sansone,Gosalvez
Rab,O'Spellissey
Morgen,Jozefiak
Roobbie,Pastor
Ludovika,Favey
Ellery,Bello
Dona,Wornham
Jehanna,Firth
Pauletta,Stedell
Bobina,Gregoraci
Jermaine,Pickles
Keeley,Ferrandez
Rollins,Manston
Dani,Dinjes
Nicky,Sim
Sybille,Mullis
Libby,Fairbrass
Shannen,Rickis
Henrik,Woosnam
Huntington,Crudge
Hallsy,O'Keevan
Ingemar,Bremmer
Demetris,Vesco
Inness,Barrus
Binky,Gater
Derry,Strond
Rafaello,Karadzas
Zia,Bonnesen
Nealson,Stores
Lucy,Pitsall
Kareem,Ferenczy
Karl,Alldis
Tiffanie,Gye
Ethelred,Worcs
Gaynor,Manion
Henrik,Silcox
Tammy,Sange
Pail,Rigler
Marylinda,Churching
Berk,Mathison
Meade,Bound
Monah,Grennan
Nari,Shiel
Goldia,Kelwaybamber
Taite,Gouldsmith
Doroteya,Mingay
Wilow,Verryan
Candy,Worsalls
Felicdad,Lammie
Sarette,Curryer
Freeland,Oehme
Filmer,Lillistone
Evan,Shepland
Elmo,Chiswell
Arvie,Heavyside
Chip,Gilhooly
Theodosia,Sterre
Egon,Kop
Leola,Filan
Nathanael,Crowcombe
Nari,Cardenosa
Mitchael,Bellison
Sebastian,Esmonde
Bert,Dickons
Kassia,Yakebowitch
Brennen,Ney
Coreen,Lowrey
Collette,Grafton
Donny,Vedikhov
Brittan,McCurlye
Glad,Kobelt
Wake,Greenough
Cary,Mallia
Sonnie,Symper
Tarrance,Grabbam
Raynor,Kempshall
Serena,McLukie
Cecile,Parkman
Daveen,Behrens
Micky,Aherne
Isabelle,Keaton
Rita,Amorts
Hephzibah,Haselgrove
Daphene,Bruggen
Tania,Slide
Tomi,Comben
Issi,Klainman
Lazar,Neary
Kizzee,Marvel
Magdalen,Battabee
Tootsie,Inkpin
Glennis,Feasey
Kriste,Brougham
Bree,Human
Flint,Leap
Tommy,Dowson
Dimitri,Cosley
Etty,Crunden
Reade,Osgerby
Barbe,Mahedy
Joelle,Fidoe
Olenolin,Veitch
Hagan,Confort
Dominique,Cattell
Cammy,Petras
Doralyn,Noblet
Chauncey,Karchowski
Rog,Cleminson
Ced,Esh
Sybil,Frantz
Janos,Abrahams
Catrina,Storkes
Hermann,Halfacree
Alexis,MacWhirter
Cart,Files
Renard,Vannucci
Royal,Mosby
Phyllida,Gannaway
Forrest,Edmundson
Jose,Candy
Phineas,Arthars
Ken,Nobriga
Nestor,Kynvin
Joye,Deme
Merci,Lidyard
Rianon,Algy
Erick,Hammerman
Roderigo,Maywood
Chester,Spaughton
Brande,Houlson
Brenda,Sowman
Di,Ortells
Aloin,Stedall
Britte,Manz
Antone,Allot
Roxie,Antosch
Raye,Jolliffe
Archy,Double
Franky,Pinney
Salvatore,Tull
Gigi,Kyle
Winona,Davidovic
Larissa,Tutsell
Alameda,Morforth
Roma,Wilsone
Pren,Brimley
Madlen,Aldwinckle
Rorie,Leftbridge
Bethena,O'Sheeryne
Cinda,Decourcy
Rockie,Bleaden
Farley,Brinklow
Alysia,Saffe
Florida,Lisamore
Anett,Longland
Harris,Dibbin
Christine,Rosenschein
Lucie,Affron
Orrin,Olkowicz
Bordy,Alltimes
Clea,Tolchar
Pammie,Urquhart
Odo,Cristoforetti
Ruddie,Martinson
Nevins,Climer
Melantha,Mahy
Ulises,Bohlsen
Collie,Gander
Corine,Di Maggio
Clywd,Langfitt
Mead,Scaife
Dana,Conan
Moll,Hardbattle
Kimmie,Bowley
Ruth,Michelin
Sanders,Rickeard
Krysta,Treffrey
Teodoor,Korneichik
Glen,Wiltshaw
Mil,Deinert
Brockie,Swede
Redd,Iorillo
Dusty,Deakan
Jamil,Blaxland
Lanny,Bernardoni
Modesty,Stubbington
Fowler,Fosdyke
Yorker,Lightoller
Helyn,Idle
Flin,Banville
Adan,Freda
Fletch,Rime
Romeo,Devas
Carroll,Pabelik
Elroy,McQuilliam
Hatti,Danilyuk
Viviana,Patton
Antoinette,Rotchell
Sibbie,Martinets
Kippie,Lloyd-Williams
Barbaraanne,Erat
Gabbie,Hyrons
Alaine,Bolden
Doralynne,Wabe
Fitzgerald,Demongeot
Brok,Burford
Grace,Faust
Marrissa,Raynes
Roman,Gerdes
Ilene,Huygen
Conroy,Philippart
Charmaine,McGrorty
Annmarie,Antognozzii
Iris,Tropman
Haslett,Crowth
Olia,Bazely
Cloris,Jaycocks
Averill,Phillps
Kailey,Channing
Shayna,Weare
Lewes,Leinthall
Mikey,Bowlesworth
Tabbitha,Caccavari
Calv,Ronchka
Granger,Boyton
Honoria,Ready
Iosep,Brimm
Candra,Bruckent
Caldwell,Dorning
Benjamen,Eliesco
Margarita,Billyard
Amandie,Slaughter
Diena,Necrews
Mart,Kopec
Keri,Schreurs
Charmion,Nan Carrow
Angelia,Gounin
Polly,Prosch
Cariotta,Slora
Dalis,Davidsohn
Pate,Balog
Zerk,Bushell
Dosi,Thorndycraft
Meggi,Ekins
Gail,Twinbrow
Nikos,Files
Andriana,Pennycord
Dugald,Ivoshin
Delores,Cole
Latrena,Lawranson
Berry,Mee
Matilda,Palin
Goldie,Tennewell
Timothy,Loding
Crissy,Packman
Nikita,Jeanesson
Cosetta,Foli
Leslie,Kleingrub
Krista,Coffee
Alika,Getty
Bev,Salzburger
Amara,Hallin
Horten,Redd
Austen,Stranks
Addia,Cockrem
Sheeree,Southworth
Jacinda,Mallender
Rosita,MacConnell
Nico,Hellewell
Tamarra,Darlow
Kore,Durrad
Clary,Stollery
Ulrika,De la Barre
Halsy,Darben
Emanuele,Bendelow
Ginger,Gilbert
Tilly,Rolland
Carmine,Whatsize
Baillie,Liverock
Alexandrina,Loffel
Corilla,Nyssens
Johnette,Gull
Rahal,Oulet
Marylou,Kiggel
Fanni,Hurdman
Rosene,Vasser
Kelsi,Suddock
Joceline,Pinsent
Flemming,Longlands
Cazzie,Meedendorpe
Emma,Farans
Humfrid,Lebourn
Georgeta,Bothen
Albie,Scrancher
Ethelyn,Pipping
Dukey,Harrison
Son,Ridler
Clive,Nuzzi
Gwen,Gambie
Belva,Cherm
Frieda,Harrop
Nathalia,Pepye
Noelle,Treagust
Lissi,Archley
Geoff,Sigsworth
Harriett,Pyrke
Selena,Saterthwait
Talya,Bonome
Arne,Condliffe
Arlen,Esberger
Timi,Hawkridge
Karla,Muckersie
Mirabel,Tomowicz
Laurice,Dallon
Gussi,Kersting
Garwin,Westney
Byrle,Mattinson
Gisella,Crab
Vanda,Hirtz
Georgina,Theaker
Eugene,Woods
Francyne,Pollett
Hallie,Davoren
Gerty,Radmore
Nicholle,Oddy
Margi,Harries
Arlinda,Heliet
Alasteir,Brereton
Berthe,Mannooch
Antoine,Spickett
Heinrick,Kittredge
Waverly,Donisi
Seka,Louth
Vergil,Boyen
Ingar,Scholefield
Krishna,Baert
Sapphire,MacCrossan
Kellsie,Bredes
Johnathan,Pettecrew
Jeana,Arrell
Serena,Sebright
Mahmoud,Moffet
Francklin,Shillitoe
Alissa,Castagneri
Arnaldo,Purches
Cyrille,Mullett
Maurise,O'Feeney
Barnaby,Delagnes
Cindie,Bradbury
Koressa,Hearsey
Liliane,Gooddie
Giffard,Pyser
Sonya,Merryweather
Datha,Purrier
Carlie,Urwin
Brigg,Raitt
Patty,Albertson
Fair,Lighterness
Kaspar,McLeary
Joelynn,Drewry
Thibaut,Josey
Kendall,De Beauchamp
Artemas,Di Angelo
Mickie,Hanning
Johnath,Leheude
Emlynne,Horribine
Lonnard,Reichartz
Eloise,Boylan
Amabel,Guilaem
Reena,Channer
Owen,Lorant
Hayward,Atchly
Conway,Bambrick
Ruthanne,Finlry
Lacee,Mault
Naoma,Ridd
Rhody,Palay
Ilyssa,Snewin
Andres,Ritchman
Humfrid,Abethell
Ambrosius,Hanscombe
Cissy,Peeter
Warner,Cordery
Salli,Swinn
Galina,Rudland
Cherry,Braksper
Tatiana,Westmorland
Abby,Pitson
Wendel,Peterken
Deanna,Toun
Enrica,Ashford
Nalani,Biskup
Renie,Glantz
Federica,Turfrey
Flory,Shivell
Calypso,Jarrell
Riordan,Simonelli
Reider,Shorthouse
Melisent,Treweela
Zaneta,Rowntree
Laurie,Klimschak
Seth,Howling
Jehanna,Hiers
Lisle,Laimable
Caralie,Blanket
Celine,Cartwright
Marguerite,Crankshaw
Myrle,Hartrick
Zulema,Fossitt
Mervin,Paolinelli
Benson,Eakins
Celka,Pickin
Phil,Greste
Ancell,Moreno
Ingram,Searson
Dot,Harber
Kirk,Aleksandrev
Dottie,Turvey
Tomasine,Athow
Gabi,Wildash
Marven,Cicci
Hayden,Pottery
Harrie,Ranken
Willa,Arrowsmith
Silas,De Laci
Brunhilde,Bellenger
Caspar,Griswaite
Avie,Stollmeyer
Lemuel,Fley
Flint,Hartzog
Consolata,Hakeworth
Ginevra,McGorman
Carver,Ussher
Preston,Pulteneye
Lonnard,Sheaber
Nickie,Gilcrist
Brandy,Simoneschi
Cheslie,Twede
Wolfgang,Burk
Lonna,Retter
Averell,Allwood
Leroy,MacDowall
Jordain,Imm
Caron,Yielding
Sabine,Kingsnoad
Shelton,Slocumb
Glynn,Kaye
Waylon,Scargle
Lebbie,Jorn
Maisie,Ferreira
Lamar,Champe
Josey,Rosensaft
Ronni,Van der Linde
Gallard,Acott
Tiebold,O'Hannen
Gay,Procter
Des,Dorot
Che,Shorie
Saxe,Jamieson
Sydel,Langfat
Christyna,Hawksley
Miles,Eck
Nicole,McRory
Georgine,Toleman
Elliot,Nattrass
Durward,Wookey
Erv,Stratiff
Kalli,Geeve
Ninnetta,Hans
Kattie,Tesimon
Hastings,Gricewood
Kristin,Eborall
Maddalena,Sauniere
Kathie,Iamittii
Isac,Becke
Grantley,Watkins
Alastair,Greatham
Benton,Verlinde
Eulalie,Atkirk
Cathe,Maydwell
Alvera,Kielt
Rici,Brugmann
Gwynne,Elwin
Gaylor,Clifft
Feodora,Daunter
Betteann,Juschke
Adore,Maker
Brittani,Causier
Shelli,Tash
Pembroke,Breache
Federica,Cawdell
Darrell,Serot
Marne,Peyntue
Maynard,Dow
Cathe,Jobke
Petronille,Robertelli
Hercules,Reskelly
Genevieve,Dauncey
Hannie,Edinburgh
Archaimbaud,Dunlap
Luella,Knappe
Barn,Elnaugh
Hurlee,Meller
Derek,Leveridge
Mehetabel,Sibille
Damara,Yarwood
Garvey,Sherringham
Nannette,Verry
Kaylil,Lusty
Bernadene,Oaten
Binni,Tilmouth
Tyne,Farra
Issi,Lapre
Vita,Disbrey
Abdul,Sandes
Anne,Islep
Corty,De Francisci
Catherine,Petyt
Lin,Gitthouse
Charmine,Halfpenny
Hakeem,Kerr
Kennedy,Plampin
Sammie,Lansdale
Eloisa,Bea
Edna,Swatradge
Raffaello,Mattis
Denice,Walne
Sidonia,McGillivray
Vite,Spillman
Sophi,Welling
Gabriela,Kennion
Thedric,Birdfield
Vern,Carragher
Taryn,Killcross
Lionello,Minifie
Cassaundra,Ayerst
Rawley,Matussow
Phil,Bonafacino
Lancelot,Boyton
Doe,Matushevitz
Tomi,McWhin
Clementine,Poure
Darin,Moreing
Cecil,McCulley
Reuben,Isted
Clarinda,York
Darline,McFee
Rey,Sambrook
Ilaire,Hearthfield
Normy,Thurber
Davie,Heyns
Borden,Culp
Molly,Silcock
Evey,Luby
Berkly,Spadelli
Gardener,Braniff
Ree,Haslin
Merv,Carlill
Roarke,Easum
Chrisse,Kilbane
Jasmin,Mousdall
Delainey,Sillars
Lotty,Juster
Raleigh,Sommerland
Olive,Greatbank
Fabiano,Twort
Ally,Chaddock
Barn,Du Pre
Teador,Speedin
Davidson,Lumsden
Alysia,Prosser
Isabelita,Liddy
Olin,Circuitt
Maximilian,Langlois
Mariya,Turfitt
Raddy,Libbe
Chauncey,Sturge
Terrill,Strawbridge
Brewster,Safell
Merwin,Stiegar
Carlynne,Staples
Ralf,Thombleson
Mickey,Lowell
Atalanta,Dodson
Frankie,Danovich
Matthaeus,Chard
Haydon,Loadwick
Claretta,McLaggan
Florance,Boscher
Sashenka,Maier
Stewart,Cescot
Gino,Pringell
Velma,Jermyn
Tomasine,Gobel
Rancell,Halbeard
Rosalyn,Engeham
Jordan,Sealey
Alfie,Engall
Lenora,Spire
Micki,Cissen
Roselin,Neasham
Carling,Eplate
Filippo,Clutten
Dav,Guidelli
Reeva,Gregoire
Peg,Malloch
Keefer,Chazelas
Stanley,Coult
Regen,Benallack
Adelind,Kitchenham
Dody,Whatling
Harrie,Basham
Nestor,Cutmore
Rosemonde,Gorce
Hermie,Lintot
Davidson,Acaster
Livia,Ducrow
Kalindi,Goodban
Faith,Will
Egon,Dunkerton
Laura,Mc Trusty
Margaret,Doddemeede
Winnah,Kumaar
Rochell,Iffe
Ainslee,Crucetti
Maxy,Mish
Gradeigh,Gerald
Amalee,Scopes
Amalea,Norris
Bil,Rosie
Maurise,Goathrop
Felicle,Gittings
Merrill,Ruprecht
Ilyssa,Chidwick
Arliene,Gallier
Patty,Glazzard
Jose,Charte
Davina,Blabey
Blancha,Kulicke
Judith,Dybell
Alessandro,Harrold
Othella,Giorgio
Nappie,Summergill
Alisha,Corthes
Delia,Currier
Yetty,Meiner
Elliot,Magor
Allistir,Tutt
Pall,Ludewig
Hastie,Dignum
Wes,Luther
Maxine,Minard
Terri,Bakeup
Esme,Mollitt
Dal,Dorrins
Denise,Kidde
Nealon,Rollings
Karlik,Moral
Breena,Whisson
Marybeth,Tryme
Conny,Rosenblum
Mina,MacAdie
Karalee,Cowdray
Raimundo,Crayton
Pen,Camelli
Kyla,Mellsop
Ambrosi,Caulcutt
Sabine,Suggate
Alexei,Saban
Tonnie,Allix
Derrik,Niland
Shelba,Cornels
Ami,Harroll
Ado,Davidy
Madlin,Gianotti
Karlens,Sleford
Zorine,Mason
Kathy,Fruser
Shirline,Sutworth
Brendis,Simmans
Deana,Blueman
Ariel,Broun
Ailey,Flanne
Winifred,Biles
Arabela,Prott
Jose,Kershaw
Patin,Volkes
Dyana,Whitland
Alberto,Skocroft
Benni,Colbron
Raymund,Dencs
Karlis,McShee
Cass,Pendock
Lulita,McMenemy
Ricki,Samwaye
Mikel,Casham
Belvia,Aguilar
Minny,Joy
Wynne,Brauninger
Boris,Sussems
Aurel,Isles
Earvin,Kulis
Terese,Janny
Terrance,Rabb
Arly,Oultram
Stanfield,Sangar
Iona,Sidebottom
Fara,Bassett
Mureil,Schwandermann
Dody,Maile
Tucker,Glassman
Shelly,Thorneley
Abbe,Aharoni
Elwood,Sommerlie
Miriam,Janisson
Corella,Rutty
Jory,Coulling
Caye,Holby
Jedediah,Sales
Far,Saffen
Aundrea,Bolwell
Stefa,Linfitt
Prissie,Oneile
Ninon,Drains
Heidi,Wimbush
Gary,Orteu
Wait,Druery
Alina,Rapinett
Dom,Birchill
Sanford,Witul
Rennie,Lothlorien
Theodora,Airds
Dunn,Feltoe
Tate,Eastgate
Dorry,Gatcliff
Ofelia,Isaak
Danielle,Lamzed
Howard,Espinoza
Quintina,Konke
Adel,Moneypenny
Cesaro,Bastow
Gusti,Pere
Harris,Ziemen
Duane,Gantzer
Gabey,Caneo
Christabella,Lockie
Dag,Richarz
Otes,Cheasman
Walther,Barbe
Wilburt,Fennell
Hazel,Bartos
Germain,Jenkinson
Kale,Mellon
Martyn,Gagen
Inna,Nozzolinii
Perri,Jessope
Monah,Spurriar
Cherida,Stelle
Malinde,Hosten
Farah,Croot
Charley,Pinchbeck
Mufinella,Brumen
Scotti,Ciotti
Bradan,Missington
Jamie,Iacopo
Amandy,Thomton
Ellis,Rummins
Kari,Brownell
Erroll,Blundel
Andrei,Oosthout de Vree
Welby,Barratt
Dori,Melpuss
Tristan,Danilyuk
Brion,Yarrow
Urson,Rohfsen
Winnie,Lambert
Major,Jerman
Bent,Astle
Ellissa,Grosvenor
Creight,Gwyn
Charita,Limming
Ketty,Pimm
Diann,Patnelli
Kinny,Beddin
Nataniel,Natwick
Masha,Rany
Chickie,Colquyte
Roseann,Beadles
Malvina,Wicklen
Elias,Trillo
Chrissie,Arnholdt
Devondra,O'Loinn
Maddi,Studders
Moira,Heberden
Alina,Crennell
Shandy,Ferriby
Dora,Terris
Prudi,Fieller
Bobbette,Giacobelli
Fayre,Kinnock
Zaria,Strowger
Humphrey,Gogan
Caprice,Hurle
Sydelle,Pawling
Rik,Trail
Harlie,Hache
Ophelie,Gosden
Carlee,Langridge
Demetrius,Polino
Maddi,Antonazzi
Beverlie,Tesh
Vlad,Hambleton
Elenore,Kenworthy
Sallee,Epp
Margaretta,Dutchburn
Eugene,Goldhawk
Nataline,Buscher
Loella,Metham
Hagan,Tweedlie
Bette,Britton
Donaugh,Sturdgess
Dania,Blethyn
Kalinda,Day
Nanon,Hakonsson
Ambrosi,Askwith
Clarabelle,Portchmouth
Ian,Poznan
Aili,Loeber
Clyde,Sheridan
Cathi,Hlavac
Lorrie,Guilaem
Ina,Beteriss
Dani,Janz
Maxi,Tabbernor
Cherye,Raper
Dud,Whyborne
Claretta,Piet
Ofelia,Adamiak
Angelique,Blackburne
Cyrillus,Wagnerin
Agathe,Sarrell
Alys,Copley
Jenelle,Jakaway
Bibi,Leyzell
Shaw,Spollen
Karleen,MacEntee
Elke,Stanex
Alena,Lanham
Gordon,Agent
Aguie,Gottelier
Ricard,Brawson
Lilly,Ashard
Karlik,Rubenov
Erskine,Coultar
Juanita,Verlinde
Annora,Cherm
Rianon,Kristoffersen
Eadith,Botham
Faber,Sumsion
Lily,Ricard
Zeb,Willis
Jesus,Boyne
Chad,Parriss
Nestor,Groocock
Gustav,Veysey
Cindie,Holehouse
Minta,Perell
Clair,Sewards
Zachariah,Brimblecomb
Georges,Witsey
Margaretta,Finby
Isabelle,Crain
Tanny,Bleything
Arch,Plaice
Ab,Gable
Thornie,Alenichev
Remus,Piscopello
Neilla,Rainville
Dix,Nottingham
Engracia,Keysall
Mord,Trangmar
Hobey,Haily
Genna,Isaaksohn
Brander,McCalister
Bobbee,Ticehurst
Vittorio,Lynes
Isabelle,Quidenham
Jewell,Dobbson
Tadeas,Rodolf
Stephenie,Davydzenko
Neall,Wardale
Rosa,Brightwell
Nannie,Benini
Ber,Deverell
Rosa,Scain
Tanya,Ceely
Caleb,Amber
Kimmy,Rhymes
Nady,Guttridge
Bord,Shillum
Rabbi,Skellon
Sophronia,Domeney
Nicki,Glavis
Bengt,Inkster
Fanchon,Stiles
Louis,Boig
Damaris,Yuryshev
Audre,Linsey
Margareta,Glavias
Jamil,Haygreen
Broderic,Roskruge
Ritchie,McReedy
Brion,Chang
Grazia,Rosina
Malynda,Danbi
Kingston,Ruddom
Millie,Robers
Phillip,Vamplew
Lilyan,Zouch
Ailbert,Joscelyne
Min,Nestoruk
Asa,Deane
Daisi,Juden
Peria,Montel
Faber,Cescotti
Dolley,Thormwell
Nanni,Borne
Thia,Loads
Slade,Woolveridge
Tessy,Hannond
Anna-diane,Lanchbury
Baillie,Hawick
Doralin,Dionisetto
Trish,Behnecke
Nikolai,Ghelardoni
Lynn,Grafton-Herbert
Teddy,Deary
Shep,Hammel
Manda,Flook
Amandi,Catterick
Jonis,Prop
Bing,Garralts
Billye,Gatheral
Goldie,Hutchence
Torey,Stanion
Jaquenetta,Bacup
Nilson,Tydeman
Brooke,Melhuish
Shandy,Girardengo
Courtnay,Shortell
Dyane,Kasting
Francene,Cruttenden
Benedikta,Whale
Lenore,Mendonca
Duane,Pearmain
Esta,McColgan
Nickie,Skoyles
Dore,Maymond
Anallise,Kick
Cchaddie,Leggett
Robyn,Kalinsky
Rois,Jeune
Elnore,Patten
Theda,Bonhill
Darsey,Polycote
Eulalie,McComish
Ogdon,Vann
Arie,Vauter
Dean,Dobrovsky
Friedrick,Trazzi
Clarance,Dulanty
Kipp,Rivalant
